{
    "task 0": {
        "goal": [
            0.3929383711957233,
            -0.42772133009924107
        ],
        "return_scale": [
            -20.418791799892162,
            -2.3564498149187467
        ]
    },
    "task 1": {
        "goal": [
            -0.5462970928715938,
            0.10262953816578246
        ],
        "return_scale": [
            -17.676602478356685,
            -2.3555651744594854
        ]
    },
    "task 2": {
        "goal": [
            0.43893793957112615,
            -0.15378707975107808
        ],
        "return_scale": [
            -16.126510236649594,
            -1.8778483849641356
        ]
    },
    "task 3": {
        "goal": [
            0.961528396769231,
            0.3696594771697266
        ],
        "return_scale": [
            -30.97910997235407,
            -6.153677966341001
        ]
    },
    "task 4": {
        "goal": [
            -0.03813619703127813,
            -0.21576496361169895
        ],
        "return_scale": [
            -11.365142875897893,
            -1.2114779601902375
        ]
    },
    "task 5": {
        "goal": [
            -0.3136439676982612,
            0.45809941476808325
        ],
        "return_scale": [
            -14.807400483713923,
            -2.284724976855328
        ]
    },
    "task 6": {
        "goal": [
            -0.12285551064075118,
            -0.8806442067808633
        ],
        "return_scale": [
            -20.527777172155037,
            -5.078905993406656
        ]
    },
    "task 7": {
        "goal": [
            -0.20391148933913716,
            0.4759908114640714
        ],
        "return_scale": [
            -17.22363247133529,
            -2.29138624897207
        ]
    },
    "task 8": {
        "goal": [
            -0.635016539093,
            -0.6490964877050149
        ],
        "return_scale": [
            -23.2115092501285,
            -4.952514798016343
        ]
    },
    "task 9": {
        "goal": [
            0.06310274768367674,
            0.06365517419373212
        ],
        "return_scale": [
            -8.775362099279288,
            -1.1418771956495302
        ]
    },
    "task 10": {
        "goal": [
            0.2688019171026421,
            0.6988635881555791
        ],
        "return_scale": [
            -24.30702496842808,
            -3.4829237412030607
        ]
    },
    "task 11": {
        "goal": [
            0.4489106497212705,
            0.22204702135516574
        ],
        "return_scale": [
            -13.36934823789208,
            -1.9368564556462518
        ]
    },
    "task 12": {
        "goal": [
            0.4448867651404431,
            -0.3540821722936436
        ],
        "return_scale": [
            -19.511772189275128,
            -2.4617171006284835
        ]
    },
    "task 13": {
        "goal": [
            -0.2764226887553718,
            -0.5434735382420888
        ],
        "return_scale": [
            -21.011992649443826,
            -2.769023842997735
        ]
    },
    "task 14": {
        "goal": [
            -0.41257190722234127,
            0.2619522477089755
        ],
        "return_scale": [
            -15.935666073095993,
            -1.7917886118365807
        ]
    },
    "task 15": {
        "goal": [
            -0.8157901201098496,
            -0.13259765464094353
        ],
        "return_scale": [
            -22.021143586280132,
            -4.664899263125613
        ]
    },
    "task 16": {
        "goal": [
            -0.1382744733407124,
            -0.01262980469938757
        ],
        "return_scale": [
            -8.009456754219029,
            -1.1606239884315461
        ]
    },
    "task 17": {
        "goal": [
            -0.14833941940834405,
            -0.37547755405506944
        ],
        "return_scale": [
            -15.661383241106519,
            -1.6064860837802497
        ]
    },
    "task 18": {
        "goal": [
            -0.14729738607438358,
            0.7867783262342696
        ],
        "return_scale": [
            -19.96426853905086,
            -3.917800664358111
        ]
    },
    "task 19": {
        "goal": [
            0.8883200364077593,
            0.0036733517686731165
        ],
        "return_scale": [
            -23.78173212509907,
            -5.581503567335191
        ]
    },
    "task 20": {
        "goal": [
            0.24790590358422238,
            -0.7687632098414086
        ],
        "return_scale": [
            -21.68134314906365,
            -4.151525382664859
        ]
    },
    "task 21": {
        "goal": [
            -0.3654290363593582,
            -0.17034757609273643
        ],
        "return_scale": [
            -12.735541954376368,
            -1.767800712892456
        ]
    },
    "task 22": {
        "goal": [
            0.7326183157667319,
            -0.4990892692069866
        ],
        "return_scale": [
            -28.644760578242543,
            -4.035437395332016
        ]
    },
    "task 23": {
        "goal": [
            -0.0339314714745913,
            0.97111957122141
        ],
        "return_scale": [
            -26.72799363182704,
            -6.205280203988992
        ]
    },
    "task 24": {
        "goal": [
            0.03897023851961867,
            0.2257890515259353
        ],
        "return_scale": [
            -8.39514807521597,
            -1.1822784792829488
        ]
    },
    "task 25": {
        "goal": [
            -0.7587426680193525,
            0.6526816010136665
        ],
        "return_scale": [
            -25.84724978722096,
            -5.476278717654393
        ]
    },
    "task 26": {
        "goal": [
            0.20612025682185475,
            0.09013601293292983
        ],
        "return_scale": [
            -8.896771169455313,
            -1.2498008177896294
        ]
    },
    "task 27": {
        "goal": [
            -0.3144723324513832,
            -0.3917584219456318
        ],
        "return_scale": [
            -15.083202941505743,
            -2.0805702505195
        ]
    },
    "task 28": {
        "goal": [
            -0.1659555779505968,
            0.3626015315855933
        ],
        "return_scale": [
            -14.346703848780892,
            -1.7015188617817107
        ]
    },
    "task 29": {
        "goal": [
            0.7509136835903498,
            0.02084467495602227
        ],
        "return_scale": [
            -24.745002232695636,
            -3.7193821701731236
        ]
    },
    "task 30": {
        "goal": [
            0.33862756592454457,
            0.17187310512442577
        ],
        "return_scale": [
            -14.553695769792222,
            -1.5037394928983159
        ]
    },
    "task 31": {
        "goal": [
            0.24980700419119972,
            0.34937810197564967
        ],
        "return_scale": [
            -13.498849280158773,
            -1.8457986292923156
        ]
    },
    "task 32": {
        "goal": [
            0.6846848752405146,
            -0.8336100233351225
        ],
        "return_scale": [
            -27.366777746360707,
            -5.741986581085633
        ]
    },
    "task 33": {
        "goal": [
            0.5273656828866764,
            -0.512667250926252
        ],
        "return_scale": [
            -19.923515285859015,
            -3.120068715287205
        ]
    },
    "task 34": {
        "goal": [
            -0.6115540788424583,
            0.14491391498294615
        ],
        "return_scale": [
            -20.55483989808876,
            -2.695984352788044
        ]
    },
    "task 35": {
        "goal": [
            -0.8085749667752258,
            0.7706536525502792
        ],
        "return_scale": [
            -27.9171192568147,
            -5.991527203831018
        ]
    },
    "task 36": {
        "goal": [
            0.25449794410253745,
            0.4468327163799095
        ],